mm_new	-	1.44
modelfile_new	concerto-core-test-data	34.10
add_model_file	concerto-core-test-data	50.19
add_model_file.build	concerto-core-test-data	33.55
add_model_file.validate_register	concerto-core-test-data	16.38
modelfile_new	conformance	9.73
add_model_file	conformance	15.38
add_model_file.build	conformance	11.22
add_model_file.validate_register	conformance	3.45
modelfile_new	synthetic-large	1181.34
add_model_file	synthetic-large	2097.66
add_model_file.build	synthetic-large	1286.38
add_model_file.validate_register	synthetic-large	759.56
