# load_profile alloc, integration head a52dad4 (before P5-48): op, set, allocations per model file, bytes allocated per model file
mm_new	-	223	24772
modelfile_new	concerto-core-test-data	411	71819
add_model_file	concerto-core-test-data	899	127439
add_model_file.build	concerto-core-test-data	405	71075
add_model_file.validate	concerto-core-test-data	468	52127
add_model_file.register	concerto-core-test-data	20	3530
modelfile_new	conformance	135	21108
add_model_file	conformance	498	60730
add_model_file.build	conformance	135	21008
add_model_file.validate	conformance	350	37783
add_model_file.register	conformance	9	1335
modelfile_new	synthetic-large	19364	4293395
add_model_file	synthetic-large	46663	6940299
add_model_file.build	synthetic-large	19345	4291720
add_model_file.validate	synthetic-large	26164	2416053
add_model_file.register	synthetic-large	931	207754
