# load_profile alloc, P5-48 (final tree): op, set, allocations per model file, bytes allocated per model file
mm_new	-	34	2372
modelfile_new	concerto-core-test-data	279	65001
add_model_file	concerto-core-test-data	408	72743
add_model_file.build	concerto-core-test-data	273	64257
add_model_file.validate_register	concerto-core-test-data	134	8419
modelfile_new	conformance	96	18868
add_model_file	conformance	129	21300
add_model_file.build	conformance	96	18768
add_model_file.validate_register	conformance	33	2474
modelfile_new	synthetic-large	7927	3627810
add_model_file	synthetic-large	15509	4150395
add_model_file.build	synthetic-large	7908	3626135
add_model_file.validate_register	synthetic-large	7567	521888
