from_json	concerto-core-test-data	plan=false	n=120	cold_us=4159.9	warm_us=2113.8
from_json	concerto-core-test-data	plan=true	n=120	cold_us=3793.7	warm_us=1922.1
to_json	concerto-core-test-data	plan=false	n=120	cold_us=2954.7	warm_us=2499.2
to_json	concerto-core-test-data	plan=true	n=120	cold_us=3138.4	warm_us=2141.5
validate	concerto-core-test-data	plan=false	n=120	cold_us=1454.1	warm_us=869.9
validate	concerto-core-test-data	plan=true	n=120	cold_us=1569.4	warm_us=839.0
set_property_value	concerto-core-test-data	plan=false	n=582	cold_us=1322.9	warm_us=785.5
set_property_value	concerto-core-test-data	plan=true	n=582	cold_us=1471.6	warm_us=741.0
add_array_value	concerto-core-test-data	plan=false	n=55	cold_us=1017.4	warm_us=618.0
add_array_value	concerto-core-test-data	plan=true	n=55	cold_us=1153.1	warm_us=505.7
from_json	conformance	plan=false	n=44	cold_us=762.1	warm_us=173.7
from_json	conformance	plan=true	n=44	cold_us=728.7	warm_us=162.3
to_json	conformance	plan=false	n=44	cold_us=365.7	warm_us=159.1
to_json	conformance	plan=true	n=44	cold_us=406.9	warm_us=190.8
new_resource	conformance	plan=false	n=44	cold_us=537.1	warm_us=53.3
new_resource	conformance	plan=true	n=44	cold_us=558.1	warm_us=50.1
validate	conformance	plan=false	n=44	cold_us=191.4	warm_us=62.8
validate	conformance	plan=true	n=44	cold_us=336.6	warm_us=90.0
set_property_value	conformance	plan=false	n=60	cold_us=176.7	warm_us=35.6
set_property_value	conformance	plan=true	n=60	cold_us=215.6	warm_us=30.3
add_array_value	conformance	plan=false	n=2	cold_us=37.8	warm_us=4.1
add_array_value	conformance	plan=true	n=2	cold_us=30.7	warm_us=2.2
from_json	synthetic-large	plan=false	n=300	cold_us=5176.9	warm_us=2759.2
from_json	synthetic-large	plan=true	n=300	cold_us=5761.8	warm_us=2551.1
to_json	synthetic-large	plan=false	n=300	cold_us=3114.2	warm_us=2886.3
to_json	synthetic-large	plan=true	n=300	cold_us=3394.8	warm_us=3344.0
new_resource	synthetic-large	plan=false	n=300	cold_us=2781.7	warm_us=435.4
new_resource	synthetic-large	plan=true	n=300	cold_us=3509.7	warm_us=368.1
validate	synthetic-large	plan=false	n=300	cold_us=1319.8	warm_us=1105.1
validate	synthetic-large	plan=true	n=300	cold_us=1928.9	warm_us=991.3
set_property_value	synthetic-large	plan=false	n=1499	cold_us=2542.6	warm_us=2263.0
set_property_value	synthetic-large	plan=true	n=1499	cold_us=3061.0	warm_us=1926.3
add_array_value	synthetic-large	plan=false	n=300	cold_us=971.4	warm_us=810.2
add_array_value	synthetic-large	plan=true	n=300	cold_us=1049.1	warm_us=346.1
from_json	concerto-core-test-data	plan=false	n=120	cold_us=3952.8	warm_us=2164.8
from_json	concerto-core-test-data	plan=true	n=120	cold_us=3897.6	warm_us=1885.1
to_json	concerto-core-test-data	plan=false	n=120	cold_us=3255.2	warm_us=2618.3
to_json	concerto-core-test-data	plan=true	n=120	cold_us=3219.0	warm_us=2336.4
validate	concerto-core-test-data	plan=false	n=120	cold_us=2062.6	warm_us=1058.9
validate	concerto-core-test-data	plan=true	n=120	cold_us=1603.4	warm_us=714.3
set_property_value	concerto-core-test-data	plan=false	n=582	cold_us=1894.9	warm_us=962.0
set_property_value	concerto-core-test-data	plan=true	n=582	cold_us=2416.5	warm_us=1149.5
add_array_value	concerto-core-test-data	plan=false	n=55	cold_us=1382.7	warm_us=872.7
add_array_value	concerto-core-test-data	plan=true	n=55	cold_us=1206.1	warm_us=561.2
from_json	conformance	plan=false	n=44	cold_us=784.0	warm_us=168.1
from_json	conformance	plan=true	n=44	cold_us=703.6	warm_us=189.6
to_json	conformance	plan=false	n=44	cold_us=328.9	warm_us=223.3
to_json	conformance	plan=true	n=44	cold_us=348.6	warm_us=156.9
new_resource	conformance	plan=false	n=44	cold_us=527.6	warm_us=52.3
new_resource	conformance	plan=true	n=44	cold_us=527.9	warm_us=49.3
validate	conformance	plan=false	n=44	cold_us=190.6	warm_us=69.0
validate	conformance	plan=true	n=44	cold_us=240.9	warm_us=62.4
set_property_value	conformance	plan=false	n=60	cold_us=346.6	warm_us=44.7
set_property_value	conformance	plan=true	n=60	cold_us=229.2	warm_us=30.8
add_array_value	conformance	plan=false	n=2	cold_us=24.9	warm_us=2.2
add_array_value	conformance	plan=true	n=2	cold_us=24.1	warm_us=2.5
from_json	synthetic-large	plan=false	n=300	cold_us=5386.0	warm_us=2811.7
from_json	synthetic-large	plan=true	n=300	cold_us=7389.3	warm_us=3468.7
to_json	synthetic-large	plan=false	n=300	cold_us=3109.8	warm_us=2856.8
to_json	synthetic-large	plan=true	n=300	cold_us=6002.7	warm_us=6316.3
new_resource	synthetic-large	plan=false	n=300	cold_us=5035.1	warm_us=927.0
new_resource	synthetic-large	plan=true	n=300	cold_us=5790.1	warm_us=794.1
validate	synthetic-large	plan=false	n=300	cold_us=2680.7	warm_us=2263.3
validate	synthetic-large	plan=true	n=300	cold_us=1620.6	warm_us=941.8
set_property_value	synthetic-large	plan=false	n=1499	cold_us=1485.7	warm_us=1349.5
set_property_value	synthetic-large	plan=true	n=1499	cold_us=2333.2	warm_us=1546.6
add_array_value	synthetic-large	plan=false	n=300	cold_us=1025.3	warm_us=684.8
add_array_value	synthetic-large	plan=true	n=300	cold_us=1296.3	warm_us=395.9
from_json	concerto-core-test-data	plan=false	n=120	cold_us=3892.0	warm_us=2199.3
from_json	concerto-core-test-data	plan=true	n=120	cold_us=5711.3	warm_us=2232.1
to_json	concerto-core-test-data	plan=false	n=120	cold_us=3027.0	warm_us=2490.3
to_json	concerto-core-test-data	plan=true	n=120	cold_us=4741.3	warm_us=2514.6
validate	concerto-core-test-data	plan=false	n=120	cold_us=1967.8	warm_us=1485.1
validate	concerto-core-test-data	plan=true	n=120	cold_us=3062.1	warm_us=1276.3
set_property_value	concerto-core-test-data	plan=false	n=582	cold_us=2150.1	warm_us=1362.8
set_property_value	concerto-core-test-data	plan=true	n=582	cold_us=2470.1	warm_us=1230.9
add_array_value	concerto-core-test-data	plan=false	n=55	cold_us=1147.8	warm_us=580.5
add_array_value	concerto-core-test-data	plan=true	n=55	cold_us=1532.2	warm_us=533.3
from_json	conformance	plan=false	n=44	cold_us=1359.7	warm_us=298.2
from_json	conformance	plan=true	n=44	cold_us=773.5	warm_us=159.3
to_json	conformance	plan=false	n=44	cold_us=364.1	warm_us=154.4
to_json	conformance	plan=true	n=44	cold_us=430.7	warm_us=147.1
new_resource	conformance	plan=false	n=44	cold_us=1016.1	warm_us=105.9
new_resource	conformance	plan=true	n=44	cold_us=729.5	warm_us=54.2
validate	conformance	plan=false	n=44	cold_us=144.3	warm_us=62.5
validate	conformance	plan=true	n=44	cold_us=325.7	warm_us=59.1
set_property_value	conformance	plan=false	n=60	cold_us=218.9	warm_us=37.8
set_property_value	conformance	plan=true	n=60	cold_us=212.8	warm_us=30.0
add_array_value	conformance	plan=false	n=2	cold_us=19.8	warm_us=2.1
add_array_value	conformance	plan=true	n=2	cold_us=22.6	warm_us=3.8
from_json	synthetic-large	plan=false	n=300	cold_us=4908.4	warm_us=2576.3
from_json	synthetic-large	plan=true	n=300	cold_us=6403.8	warm_us=2926.8
to_json	synthetic-large	plan=false	n=300	cold_us=3485.2	warm_us=4234.3
to_json	synthetic-large	plan=true	n=300	cold_us=6717.6	warm_us=5300.8
new_resource	synthetic-large	plan=false	n=300	cold_us=2620.2	warm_us=425.5
new_resource	synthetic-large	plan=true	n=300	cold_us=3267.0	warm_us=358.6
validate	synthetic-large	plan=false	n=300	cold_us=1418.1	warm_us=1220.6
validate	synthetic-large	plan=true	n=300	cold_us=2397.9	warm_us=1699.1
set_property_value	synthetic-large	plan=false	n=1499	cold_us=1297.7	warm_us=1308.4
set_property_value	synthetic-large	plan=true	n=1499	cold_us=1775.6	warm_us=1106.4
add_array_value	synthetic-large	plan=false	n=300	cold_us=668.4	warm_us=473.3
add_array_value	synthetic-large	plan=true	n=300	cold_us=1548.1	warm_us=581.0
from_json	concerto-core-test-data	plan=false	n=120	cold_us=6656.1	warm_us=3640.7
from_json	concerto-core-test-data	plan=true	n=120	cold_us=3965.2	warm_us=1992.5
to_json	concerto-core-test-data	plan=false	n=120	cold_us=5055.9	warm_us=4409.9
to_json	concerto-core-test-data	plan=true	n=120	cold_us=3149.3	warm_us=2551.8
validate	concerto-core-test-data	plan=false	n=120	cold_us=1466.4	warm_us=838.4
validate	concerto-core-test-data	plan=true	n=120	cold_us=1617.9	warm_us=780.9
set_property_value	concerto-core-test-data	plan=false	n=582	cold_us=1451.0	warm_us=838.0
set_property_value	concerto-core-test-data	plan=true	n=582	cold_us=1611.0	warm_us=682.9
add_array_value	concerto-core-test-data	plan=false	n=55	cold_us=1144.0	warm_us=540.8
add_array_value	concerto-core-test-data	plan=true	n=55	cold_us=1107.6	warm_us=509.9
from_json	conformance	plan=false	n=44	cold_us=758.0	warm_us=285.5
from_json	conformance	plan=true	n=44	cold_us=778.2	warm_us=153.9
to_json	conformance	plan=false	n=44	cold_us=379.6	warm_us=161.7
to_json	conformance	plan=true	n=44	cold_us=443.7	warm_us=192.2
new_resource	conformance	plan=false	n=44	cold_us=561.9	warm_us=54.2
new_resource	conformance	plan=true	n=44	cold_us=538.6	warm_us=49.4
validate	conformance	plan=false	n=44	cold_us=336.1	warm_us=65.8
validate	conformance	plan=true	n=44	cold_us=261.6	warm_us=60.5
set_property_value	conformance	plan=false	n=60	cold_us=281.6	warm_us=42.9
set_property_value	conformance	plan=true	n=60	cold_us=226.6	warm_us=36.2
add_array_value	conformance	plan=false	n=2	cold_us=24.3	warm_us=4.3
add_array_value	conformance	plan=true	n=2	cold_us=24.2	warm_us=6.4
from_json	synthetic-large	plan=false	n=300	cold_us=8639.5	warm_us=5067.9
from_json	synthetic-large	plan=true	n=300	cold_us=8877.0	warm_us=4373.2
to_json	synthetic-large	plan=false	n=300	cold_us=3572.1	warm_us=4520.5
to_json	synthetic-large	plan=true	n=300	cold_us=3349.2	warm_us=2597.1
new_resource	synthetic-large	plan=false	n=300	cold_us=2808.1	warm_us=457.3
new_resource	synthetic-large	plan=true	n=300	cold_us=2911.3	warm_us=388.1
validate	synthetic-large	plan=false	n=300	cold_us=1760.0	warm_us=1184.0
validate	synthetic-large	plan=true	n=300	cold_us=3061.2	warm_us=1863.4
set_property_value	synthetic-large	plan=false	n=1499	cold_us=1349.1	warm_us=1222.5
set_property_value	synthetic-large	plan=true	n=1499	cold_us=1761.9	warm_us=1116.9
add_array_value	synthetic-large	plan=false	n=300	cold_us=797.7	warm_us=518.8
add_array_value	synthetic-large	plan=true	n=300	cold_us=1110.3	warm_us=339.2
from_json	concerto-core-test-data	plan=false	n=120	cold_us=4078.5	warm_us=2150.2
from_json	concerto-core-test-data	plan=true	n=120	cold_us=3905.3	warm_us=2355.7
to_json	concerto-core-test-data	plan=false	n=120	cold_us=4987.3	warm_us=3131.4
to_json	concerto-core-test-data	plan=true	n=120	cold_us=3247.7	warm_us=2429.1
validate	concerto-core-test-data	plan=false	n=120	cold_us=1893.4	warm_us=1128.4
validate	concerto-core-test-data	plan=true	n=120	cold_us=1658.5	warm_us=690.5
set_property_value	concerto-core-test-data	plan=false	n=582	cold_us=1578.9	warm_us=832.1
set_property_value	concerto-core-test-data	plan=true	n=582	cold_us=1505.5	warm_us=703.8
add_array_value	concerto-core-test-data	plan=false	n=55	cold_us=2187.1	warm_us=1179.3
add_array_value	concerto-core-test-data	plan=true	n=55	cold_us=1703.0	warm_us=493.9
from_json	conformance	plan=false	n=44	cold_us=766.9	warm_us=221.9
from_json	conformance	plan=true	n=44	cold_us=930.8	warm_us=168.6
to_json	conformance	plan=false	n=44	cold_us=433.6	warm_us=180.7
to_json	conformance	plan=true	n=44	cold_us=354.4	warm_us=145.7
new_resource	conformance	plan=false	n=44	cold_us=1051.8	warm_us=130.9
new_resource	conformance	plan=true	n=44	cold_us=612.5	warm_us=51.4
validate	conformance	plan=false	n=44	cold_us=144.3	warm_us=68.5
validate	conformance	plan=true	n=44	cold_us=417.2	warm_us=117.6
set_property_value	conformance	plan=false	n=60	cold_us=175.3	warm_us=91.9
set_property_value	conformance	plan=true	n=60	cold_us=324.3	warm_us=54.3
add_array_value	conformance	plan=false	n=2	cold_us=23.5	warm_us=6.8
add_array_value	conformance	plan=true	n=2	cold_us=27.8	warm_us=2.1
from_json	synthetic-large	plan=false	n=300	cold_us=5412.3	warm_us=2763.3
from_json	synthetic-large	plan=true	n=300	cold_us=5514.6	warm_us=2638.4
to_json	synthetic-large	plan=false	n=300	cold_us=2975.2	warm_us=2878.7
to_json	synthetic-large	plan=true	n=300	cold_us=3440.4	warm_us=2621.3
new_resource	synthetic-large	plan=false	n=300	cold_us=2495.7	warm_us=399.7
new_resource	synthetic-large	plan=true	n=300	cold_us=2917.0	warm_us=398.6
validate	synthetic-large	plan=false	n=300	cold_us=1305.4	warm_us=1368.1
validate	synthetic-large	plan=true	n=300	cold_us=1784.1	warm_us=1076.6
set_property_value	synthetic-large	plan=false	n=1499	cold_us=1638.0	warm_us=1172.6
set_property_value	synthetic-large	plan=true	n=1499	cold_us=1688.5	warm_us=1039.4
add_array_value	synthetic-large	plan=false	n=300	cold_us=635.5	warm_us=378.8
add_array_value	synthetic-large	plan=true	n=300	cold_us=1298.5	warm_us=453.1
